,0
Adjusted net national income (constant 2010 US$),-1.3166152039072627e-12
Adjusted net national income (current US$),1.4837935149435683e-13
Adjusted net national income per capita (constant 2010 US$),-0.00013728715467136666
"Adjusted net savings, excluding particulate emission damage (current US$)",4.851639856384005e-12
"Adjusted net savings, including particulate emission damage (current US$)",1.2760167121100495e-12
Adjusted savings: carbon dioxide damage (current US$),-7.326396747284529e-12
Adjusted savings: consumption of fixed capital (current US$),8.764057315870501e-13
Adjusted savings: education expenditure (current US$),1.5321833618083572e-12
Adjusted savings: energy depletion (current US$),-2.6350608443288052e-11
Adjusted savings: mineral depletion (current US$),-4.406461950413201e-11
Adjusted savings: net forest depletion (current US$),-1.6228902430950218e-09
Adjusted savings: net national savings (current US$),1.0060764658941047e-12
Adjusted savings: particulate emission damage (current US$),3.3590138956287634e-11
Adults (ages 15+) and children (ages 0-14) newly infected with HIV,-1.3998749845612191e-05
Adults (ages 15+) newly infected with HIV,3.554838955237638e-06
Agricultural land (sq. km),-6.479987426747103e-07
"Agricultural machinery, tractors",1.5664310388804013e-07
Agricultural methane emissions (thousand metric tons of CO2 equivalent),-1.1281647156167745e-05
"Agriculture, forestry, and fishing, value added (constant 2010 US$)",8.018729268519534e-12
"Agriculture, forestry, and fishing, value added (constant LCU)",-8.477327604157675e-15
"Agriculture, forestry, and fishing, value added (current LCU)",2.7546999695913085e-15
"Agriculture, forestry, and fishing, value added (current US$)",2.735796862299364e-13
"Agriculture, forestry, and fishing, value added per worker (constant 2010 US$)",9.890018181372589e-05
"Air transport, passengers carried",3.182482768358726e-09
"Air transport, registered carrier departures worldwide",-1.3127999999290279e-07
Aquaculture production (metric tons),3.145186246295002e-08
Arable land (hectares),-1.1218140975483416e-08
"Armed forces personnel, total",2.62098836635189e-07
Arms exports (SIPRI trend indicator values),-1.1669595899089466e-11
Arms imports (SIPRI trend indicator values),-7.173832623345768e-10
Average precipitation in depth (mm per year),-0.002984267187889463
Battle-related deaths (number of people),0.002119982438015882
Broad money (current LCU),6.968292476377935e-16
Capture fisheries production (metric tons),-1.7296656481503199e-07
"Central government debt, total (current LCU)",1.0713820182667206e-15
Cereal production (metric tons),7.808490572252743e-09
Cereal yield (kg per hectare),0.0011606101966749735
Changes in inventories (constant LCU),5.77722103831823e-17
Changes in inventories (current LCU),-1.6153001433443831e-15
Changes in inventories (current US$),-4.796962464081385e-11
"Charges for the use of intellectual property, payments (BoP, current US$)",5.1559895816114524e-11
"Charges for the use of intellectual property, receipts (BoP, current US$)",-8.825689836412212e-11
Children (0-14) living with HIV,-2.2883435144025082e-05
"Children out of school, primary",-3.22133699214965e-07
"Children out of school, primary, female",9.513230099550868e-08
"Children out of school, primary, male",-2.2539402998272277e-07
CO2 emissions (kt),1.129923955638215e-07
CO2 emissions from gaseous fuel consumption (kt),-1.9904089888146124e-06
CO2 emissions from liquid fuel consumption (kt),8.921257599264469e-08
CO2 emissions from solid fuel consumption (kt),8.394179688872089e-07
"Commercial banks and other lending (PPG + PNG) (NFL, current US$)",-4.7384998538726375e-11
Commercial service exports (current US$),-2.713746020166147e-12
Commercial service imports (current US$),-3.4593812742097247e-12
Compensation of employees (current LCU),2.789902575406756e-15
Container port traffic (TEU: 20 foot equivalent units),2.846044941172232e-08
Cost of business start-up procedures (% of GNI per capita),-3.230035852466797e-05
"Current account balance (BoP, current US$)",-1.1064470874332666e-11
Current health expenditure per capita (current US$),0.0009766324826459211
"Current health expenditure per capita, PPP (current international $)",0.0018922580085855257
Customs and other import duties (current LCU),1.8993015458855035e-15
"Debt service on external debt, public and publicly guaranteed (PPG) (TDS, current US$)",-3.9453400093902703e-10
"Debt service on external debt, total (TDS, current US$)",-2.8822590427539957e-11
Discrepancy in expenditure estimate of GDP (constant LCU),9.956721052248718e-16
Discrepancy in expenditure estimate of GDP (current LCU),6.919485838439326e-16
"Educational attainment, Doctoral or equivalent, population 25+, total (%) (cumulative)",-1.5645346536802804e-05
"Electricity production from renewable sources, excluding hydroelectric (kWh)",-1.0843107498753682e-10
"Energy imports, net (% of energy use)",0.00015882700792075867
Energy use (kg of oil equivalent per capita),-0.00037672908339497183
Expense (current LCU),2.1333439967699816e-15
Exports as a capacity to import (constant LCU),-1.3123086723924608e-16
"Exports of goods and services (BoP, current US$)",-4.616178796804605e-13
Exports of goods and services (constant 2010 US$),-1.3505244039005378e-12
Exports of goods and services (constant LCU),5.959894866637796e-17
Exports of goods and services (current LCU),-5.338874131179395e-16
Exports of goods and services (current US$),1.2840728730817191e-12
"Exports of goods, services and primary income (BoP, current US$)",7.721582636998383e-14
External balance on goods and services (constant LCU),-5.5571507596056136e-15
External balance on goods and services (current LCU),1.276574571198813e-14
External balance on goods and services (current US$),3.780947811823442e-12
"External debt stocks, long-term (DOD, current US$)",8.997396962771384e-12
"External debt stocks, private nonguaranteed (PNG) (DOD, current US$)",5.7809761241737084e-12
"External debt stocks, public and publicly guaranteed (PPG) (DOD, current US$)",-1.3611332985338152e-11
"External debt stocks, short-term (DOD, current US$)",2.6760589045277556e-12
"External debt stocks, total (DOD, current US$)",8.607802711350866e-13
Fertilizer consumption (% of fertilizer production),-1.5996169972420793e-05
Final consumption expenditure (constant 2010 US$),-2.970973772122377e-13
Final consumption expenditure (constant LCU),3.405399701284517e-16
Final consumption expenditure (current LCU),-2.419847566666589e-16
Final consumption expenditure (current US$),-2.0897231599719914e-14
Financial intermediary services indirectly Measured (FISIM) (constant LCU),-7.559007120769566e-15
Financial intermediary services indirectly Measured (FISIM) (current LCU),1.3179517518917335e-14
Fixed broadband subscriptions,1.0463580388974351e-08
Fixed telephone subscriptions,1.847067455890424e-08
Forest area (sq. km),8.841859807418176e-07
GDP (constant 2010 US$),-5.208343107427703e-13
GDP (constant LCU),1.3025983172429559e-17
GDP (current LCU),-1.9502386045925173e-16
GDP (current US$),-2.7763946974635073e-14
GDP per capita (constant 2010 US$),0.0006771285308744055
GDP per capita (constant LCU),4.63234334895424e-08
GDP per capita (current LCU),4.140476945273876e-09
GDP per capita (current US$),0.000588072111458744
"GDP per capita, PPP (constant 2011 international $)",-0.0003751777629363649
"GDP per capita, PPP (current international $)",6.604670432270332e-05
GDP per person employed (constant 2011 PPP $),-0.00014625174036375275
"GDP, PPP (constant 2011 international $)",-1.6494404046371627e-12
"GDP, PPP (current international $)",-5.577685473096377e-14
GDP: linked series (current LCU),4.113362603812371e-16
General government final consumption expenditure (constant 2010 US$),-9.960819719285396e-12
General government final consumption expenditure (constant LCU),5.021693695988211e-15
General government final consumption expenditure (current LCU),-5.990192094096698e-15
General government final consumption expenditure (current US$),-2.2359926170630622e-12
GNI (constant 2010 US$),7.475958144732475e-13
GNI (constant LCU),5.143218275296665e-16
GNI (current LCU),-2.9222901963702463e-16
GNI (current US$),-2.8436956685293784e-13
GNI per capita (constant 2010 US$),-8.9976813380449e-05
GNI per capita (constant LCU),1.2920706515512832e-08
GNI per capita (current LCU),-4.2461454000239913e-08
"GNI per capita, Atlas method (current US$)",0.0003755192310916806
"GNI per capita, PPP (constant 2011 international $)",-0.0002622304046842806
"GNI per capita, PPP (current international $)",4.036225576421716e-05
"GNI, Atlas method (current US$)",-2.47193170361036e-13
"GNI, PPP (constant 2011 international $)",1.2783735059231047e-12
"GNI, PPP (current international $)",-8.922804557810665e-14
Goods and services expense (current LCU),1.0710904658495147e-14
"Goods exports (BoP, current US$)",-2.1899698746199805e-11
"Goods imports (BoP, current US$)",2.1614159674125974e-12
Grants and other revenue (current LCU),9.659367003843796e-15
"Grants, excluding technical cooperation (BoP, current US$)",-6.891887866160715e-10
Gross capital formation (constant 2010 US$),4.2781436873831756e-12
Gross capital formation (constant LCU),-3.443286179909771e-16
Gross capital formation (current LCU),1.0244046460371208e-16
Gross capital formation (current US$),-1.2332234840608217e-13
Gross domestic income (constant LCU),3.4288164658328423e-16
Gross domestic savings (current LCU),-7.675387933424681e-16
Gross domestic savings (current US$),-8.615659580907299e-13
Gross fixed capital formation (constant 2010 US$),-1.339590286042811e-12
Gross fixed capital formation (constant LCU),6.280483410168154e-16
Gross fixed capital formation (current LCU),-6.71521508851838e-16
Gross fixed capital formation (current US$),1.7653877347973181e-12
"Gross fixed capital formation, private sector (current LCU)",-5.449127855951765e-16
Gross national expenditure (constant 2010 US$),8.529417226978293e-14
Gross national expenditure (constant LCU),5.2258453455764927e-17
Gross national expenditure (current LCU),4.7623323123263875e-17
Gross national expenditure (current US$),-2.352981382397842e-13
Gross savings (current LCU),-1.0864913178193334e-16
Gross savings (current US$),3.541544920168328e-13
Gross value added at basic prices (GVA) (constant 2010 US$),-1.4890869410719589e-13
Gross value added at basic prices (GVA) (constant LCU),-2.271635180574676e-16
Gross value added at basic prices (GVA) (current LCU),9.585718582780218e-17
Gross value added at basic prices (GVA) (current US$),-3.878482564099379e-13
HFC gas emissions (thousand metric tons of CO2 equivalent),5.148178312503443e-05
High-technology exports (current US$),-8.91063511969456e-12
Households and NPISHs Final consumption expenditure (constant 2010 US$),5.818315897111775e-13
Households and NPISHs Final consumption expenditure (constant LCU),8.593456785244088e-16
Households and NPISHs Final consumption expenditure (current LCU),-4.2761740886958555e-16
Households and NPISHs Final consumption expenditure (current US$),-4.355437366616505e-13
Households and NPISHs Final consumption expenditure per capita (constant 2010 US$),-0.0008400640883469198
"Households and NPISHs Final consumption expenditure, PPP (constant 2011 international $)",4.804985273019548e-12
"Households and NPISHs Final consumption expenditure, PPP (current international $)",-4.929932320701423e-13
"IBRD loans and IDA credits (DOD, current US$)",-3.434889539012143e-11
"ICT service exports (BoP, current US$)",-4.5053864953817324e-10
"IFC, private nonguaranteed (NFL, current US$)",-2.7043071304784114e-10
"IMF repurchases and charges (TDS, current US$)",7.488428913016458e-11
"Imports of goods and services (BoP, current US$)",2.8026296930959984e-12
Imports of goods and services (constant 2010 US$),3.3112217928302913e-13
Imports of goods and services (constant LCU),-4.146852294269231e-15
Imports of goods and services (current LCU),1.044278254780575e-15
Imports of goods and services (current US$),-1.7627793127891805e-13
"Imports of goods, services and primary income (BoP, current US$)",-4.581805473145118e-13
"Industrial design applications, nonresident, by count",0.0007619124100304403
"Industrial design applications, resident, by count",-5.657804748162369e-06
"Industry (including construction), value added (constant 2010 US$)",-1.1594048418440966e-12
"Industry (including construction), value added (constant LCU)",-2.4419747039394354e-16
"Industry (including construction), value added (current LCU)",3.3879160726593164e-16
"Industry (including construction), value added (current US$)",-1.9731123745481377e-12
"Industry (including construction), value added per worker (constant 2010 US$)",-1.0408319685294729e-05
Interest payments (current LCU),8.886380285029896e-15
"Internally displaced persons, new displacement associated with conflict and violence (number of cases)",-8.725971540279018e-06
"Internally displaced persons, new displacement associated with disasters (number of cases)",1.2674759499142902e-06
"Internally displaced persons, total displaced by conflict and violence (number of people)",-9.980935890125507e-08
"International migrant stock, total",2.6480050688089237e-07
"International tourism, expenditures (current US$)",-6.446638093412362e-11
"International tourism, expenditures for passenger transport items (current US$)",-1.8842575340587091e-10
"International tourism, expenditures for travel items (current US$)",4.221959100258047e-11
"International tourism, number of arrivals",1.4121990030555268e-08
"International tourism, number of departures",8.633936812478136e-08
"International tourism, receipts (current US$)",-5.3030341726051236e-11
"International tourism, receipts for passenger transport items (current US$)",2.009798073795231e-10
"International tourism, receipts for travel items (current US$)",-2.911729160302175e-11
Investment in energy with private participation (current US$),-5.308058071408025e-11
Investment in ICT with private participation (current US$),-5.497613899819145e-09
Investment in transport with private participation (current US$),2.9463867384371764e-10
Investment in water and sanitation with private participation (current US$),-1.9968227448967046e-10
"Labor force, total",1.1611089297307563e-08
Land area (sq. km),4.5538376686065064e-07
Land under cereal production (hectares),1.6235314302920446e-08
Lifetime risk of maternal death (1 in: rate varies by country),0.0006912192865577928
"Manufacturing, value added (constant 2010 US$)",-9.619112203018577e-12
"Manufacturing, value added (constant LCU)",3.2671462582969717e-16
"Manufacturing, value added (current LCU)",-9.558442975793083e-16
"Manufacturing, value added (current US$)",-1.1458083870193249e-12
Market capitalization of listed domestic companies (current US$),2.1506670644636856e-13
Merchandise exports (current US$),-6.994206959910795e-12
Merchandise exports by the reporting economy (current US$),7.629091456145916e-13
Merchandise imports (current US$),8.309374421027034e-13
Merchandise imports by the reporting economy (current US$),1.810424221483181e-13
Methane emissions (kt of CO2 equivalent),5.006528119344864e-06
Methane emissions in energy sector (thousand metric tons of CO2 equivalent),-2.2205988022142172e-06
Military expenditure (current LCU),1.0896214371035954e-14
Military expenditure (current USD),1.952662762581392e-11
Mobile cellular subscriptions,8.352318804585537e-09
"Multilateral debt service (TDS, current US$)",-2.0847543319737926e-09
Net acquisition of financial assets (current LCU),-4.48586949715021e-14
"Net bilateral aid flows from DAC donors, Australia (current US$)",1.3256416247449603e-08
"Net bilateral aid flows from DAC donors, Austria (current US$)",3.7765070945591605e-09
"Net bilateral aid flows from DAC donors, Belgium (current US$)",8.025612587195652e-09
"Net bilateral aid flows from DAC donors, Canada (current US$)",-4.453743348182578e-08
"Net bilateral aid flows from DAC donors, Czech Republic (current US$)",2.7956854555872175e-07
"Net bilateral aid flows from DAC donors, Denmark (current US$)",-1.1967612645184255e-08
"Net bilateral aid flows from DAC donors, European Union institutions (current US$)",-6.003913137720146e-09
"Net bilateral aid flows from DAC donors, Finland (current US$)",-1.5827148570038535e-07
"Net bilateral aid flows from DAC donors, France (current US$)",-3.44733742490466e-09
"Net bilateral aid flows from DAC donors, Germany (current US$)",7.244753266789014e-09
"Net bilateral aid flows from DAC donors, Greece (current US$)",9.42683078745012e-08
"Net bilateral aid flows from DAC donors, Iceland (current US$)",-4.906630721941952e-07
"Net bilateral aid flows from DAC donors, Ireland (current US$)",1.2391597485965704e-07
"Net bilateral aid flows from DAC donors, Italy (current US$)",-2.0686303792324535e-09
"Net bilateral aid flows from DAC donors, Japan (current US$)",3.4019309056228255e-09
"Net bilateral aid flows from DAC donors, Korea, Rep. (current US$)",-1.0022929677727909e-07
"Net bilateral aid flows from DAC donors, Luxembourg (current US$)",5.491754765753618e-07
"Net bilateral aid flows from DAC donors, Netherlands (current US$)",-1.1106763368703116e-08
"Net bilateral aid flows from DAC donors, New Zealand (current US$)",-1.6949756809047614e-07
"Net bilateral aid flows from DAC donors, Norway (current US$)",7.582659033469131e-08
"Net bilateral aid flows from DAC donors, Poland (current US$)",-7.442064906740225e-08
"Net bilateral aid flows from DAC donors, Portugal (current US$)",6.609776273168543e-09
"Net bilateral aid flows from DAC donors, Slovak Republic (current US$)",-1.1870985571097719e-06
"Net bilateral aid flows from DAC donors, Slovenia (current US$)",4.308809020402911e-06
"Net bilateral aid flows from DAC donors, Spain (current US$)",-5.2119343115896036e-08
"Net bilateral aid flows from DAC donors, Sweden (current US$)",1.0168728227644802e-07
"Net bilateral aid flows from DAC donors, Switzerland (current US$)",-1.0094862656112982e-07
"Net bilateral aid flows from DAC donors, Total (current US$)",-8.775787754765291e-10
"Net bilateral aid flows from DAC donors, United Kingdom (current US$)",2.225840488208949e-09
"Net bilateral aid flows from DAC donors, United States (current US$)",-4.274742592488089e-10
"Net capital account (BoP, current US$)",3.8640632808805944e-10
Net domestic credit (current LCU),3.7079283923338535e-16
"Net errors and omissions (BoP, current US$)",-5.591543279637591e-11
"Net financial account (BoP, current US$)",-1.010358531325968e-11
"Net financial flows, bilateral (NFL, current US$)",-7.166310921981795e-10
"Net financial flows, IBRD (NFL, current US$)",-5.465609303758564e-10
"Net financial flows, IDA (NFL, current US$)",-1.442891594594702e-09
"Net financial flows, IMF concessional (NFL, current US$)",2.425917215722022e-09
"Net financial flows, IMF nonconcessional (NFL, current US$)",-3.4935996807345747e-10
"Net financial flows, multilateral (NFL, current US$)",-1.6059481050064015e-09
"Net financial flows, others (NFL, current US$)",3.300033834534699e-10
"Net financial flows, RDB concessional (NFL, current US$)",-1.695563541684652e-08
"Net financial flows, RDB nonconcessional (NFL, current US$)",-1.118625833687438e-09
"Net flows on external debt, private nonguaranteed (PNG) (NFL, current US$)",2.1667440195261572e-10
Net foreign assets (current LCU),3.728400185161162e-15
"Net incurrence of liabilities, total (current LCU)",-2.5156507588486513e-14
Net investment in nonfinancial assets (current LCU),6.383065709073899e-15
Net lending (+) / net borrowing (-) (current LCU),1.6437283940779805e-14
Net migration,1.7262182932460383e-08
"Net ODA provided, to the least developed countries (current US$)",-2.5353382151455264e-09
"Net ODA provided, total (constant 2015 US$)",8.027309236266728e-11
"Net ODA provided, total (current US$)",-1.1804582477654968e-10
Net ODA received (% of central government expense),1.2532460043878705e-07
Net official aid received (constant 2015 US$),-3.820126693962567e-09
Net official aid received (current US$),-4.463446939868856e-10
Net official development assistance and official aid received (constant 2015 US$),1.003249800246621e-10
Net official development assistance and official aid received (current US$),8.532377084636189e-10
Net official development assistance received (constant 2015 US$),-4.694809432949074e-10
Net official development assistance received (current US$),7.963434908323277e-10
"Net official flows from UN agencies, FAO (current US$)",6.548036590220666e-08
"Net official flows from UN agencies, IAEA (current US$)",-1.5671435027358949e-06
"Net official flows from UN agencies, IFAD (current US$)",-3.184988955932609e-07
"Net official flows from UN agencies, ILO (current US$)",-3.805635557499038e-06
"Net official flows from UN agencies, UNAIDS (current US$)",-2.506382323574414e-06
"Net official flows from UN agencies, UNDP (current US$)",9.454099407129596e-08
"Net official flows from UN agencies, UNECE (current US$)",4.4854205092418425e-05
"Net official flows from UN agencies, UNFPA (current US$)",1.1792643904920618e-06
"Net official flows from UN agencies, UNHCR (current US$)",-5.1704469202310674e-08
"Net official flows from UN agencies, UNICEF (current US$)",-1.1134666959549978e-07
"Net official flows from UN agencies, UNPBF (current US$)",9.140645277644094e-07
"Net official flows from UN agencies, UNRWA (current US$)",2.5012011423293727e-08
"Net official flows from UN agencies, UNTA (current US$)",-1.5760213887087167e-07
"Net official flows from UN agencies, WFP (current US$)",-4.788610484853687e-09
"Net official flows from UN agencies, WHO (current US$)",2.2724968455217945e-06
"Net primary income (BoP, current US$)",1.3248620087440614e-11
Net primary income (Net income from abroad) (constant LCU),-1.5792762005557423e-12
Net primary income (Net income from abroad) (current LCU),-3.1240528432067487e-14
Net primary income (Net income from abroad) (current US$),7.472014893210429e-13
"Net secondary income (BoP, current US$)",-1.3697161384222735e-10
Net secondary income (Net current transfers from abroad) (constant LCU),-2.0849270102656956e-13
Net secondary income (Net current transfers from abroad) (current LCU),-5.160251627786677e-15
Net secondary income (Net current transfers from abroad) (current US$),3.670241286102552e-11
"Net trade in goods (BoP, current US$)",-8.862494555255377e-13
"Net trade in goods and services (BoP, current US$)",-4.504384953393687e-12
New businesses registered (number),3.150675499520661e-05
Nitrous oxide emissions (thousand metric tons of CO2 equivalent),1.2258748723435251e-05
Number of deaths ages 5-14 years,1.2919658673854802e-05
Number of infant deaths,1.019418090584093e-06
Number of neonatal deaths,7.972703367319826e-07
"Number of surgical procedures (per 100,000 population)",-0.0006270850008332295
Number of under-five deaths,-9.587185828386752e-07
"Official exchange rate (LCU per US$, period average)",-2.220126577530008e-09
Other expense (current LCU),-3.824423366829989e-14
Other greenhouse gas emissions (% change from 1990),-2.821411573443801e-06
"Other greenhouse gas emissions, HFC, PFC and SF6 (thousand metric tons of CO2 equivalent)",3.3836009634256585e-07
Other taxes (current LCU),1.1669919142156913e-13
"Patent applications, nonresidents",3.120026093617111e-06
"Patent applications, residents",-1.1424217252644557e-05
"Personal remittances, paid (current US$)",1.0789211858771402e-10
"Personal remittances, received (current US$)",2.855561149823348e-10
"Personal transfers, receipts (BoP, current US$)",1.1427189702145068e-10
"PNG, bonds (NFL, current US$)",6.192234236648008e-10
"PNG, commercial banks and other creditors (NFL, current US$)",6.232147685712915e-11
"Population ages 0-14, female",-3.6482836120904395e-08
"Population ages 0-14, male",-1.3623372646719805e-09
"Population ages 0-14, total",3.371532398453549e-10
"Population ages 15-64, female",-5.084011671014457e-09
"Population ages 15-64, male",-2.520717155223676e-10
"Population ages 15-64, total",6.250441854012652e-11
"Population ages 65 and above, female",-1.0640190889572137e-08
"Population ages 65 and above, male",-3.199322766667141e-09
"Population ages 65 and above, total",7.399334679655998e-10
Population density (people per sq. km of land area),4.6934958170696155e-06
Population in largest city,3.555921883986437e-07
Population in urban agglomerations of more than 1 million,-2.927852106968537e-08
"Population, female",-2.1717397858440977e-09
"Population, male",7.523991950860792e-11
"Population, total",-1.4045353683137296e-10
"Portfolio equity, net inflows (BoP, current US$)",-8.338879630803036e-11
"Portfolio investment, bonds (PPG + PNG) (NFL, current US$)",-1.718618656677844e-10
"Portfolio investment, net (BoP, current US$)",3.161344332117896e-11
"PPG, bonds (NFL, current US$)",-2.0834161342940044e-10
"PPG, commercial banks (NFL, current US$)",-6.901439964079917e-11
"PPG, IBRD (DOD, current US$)",2.728230380030688e-10
"PPG, IDA (DOD, current US$)",-1.1285048580748485e-10
"PPG, official creditors (NFL, current US$)",5.299732635216097e-10
"PPG, other private creditors (NFL, current US$)",-7.393100461832058e-11
"PPG, private creditors (NFL, current US$)",-1.331402682396539e-10
"Presence of peace keepers (number of troops, police, and military observers in mandate)",0.0010022634586687809
Present value of external debt (current US$),-8.909862923314303e-11
"Primary education, pupils",3.9697451919564567e-08
"Primary education, teachers",-5.3014920192632745e-08
"Primary income payments (BoP, current US$)",1.9045955734894084e-11
"Primary income receipts (BoP, current US$)",5.237742813454814e-13
Public private partnerships investment in energy (current US$),1.715638162256053e-10
Public private partnerships investment in ICT (current US$),1.8580107012069637e-09
Public private partnerships investment in transport (current US$),-1.6209508089856427e-10
Public private partnerships investment in water and sanitation (current US$),2.344247075353665e-09
Rail lines (total route-km),2.026642847538347e-05
"Railways, goods transported (million ton-km)",-1.9207011279027153e-06
"Railways, passengers carried (million passenger-km)",-7.74255551042267e-06
Refugee population by country or territory of asylum,-1.0705082833682328e-06
Refugee population by country or territory of origin,-7.320095415330651e-06
Renewable internal freshwater resources per capita (cubic meters),-1.1594114525055474e-05
Researchers in R&D (per million people),-0.0006474028891118618
"Reserves and related items (BoP, current US$)",5.4167014368450436e-12
"Revenue, excluding grants (current LCU)",-3.0206151477714635e-15
Rural land area (sq. km),9.935478272657378e-07
Rural land area where elevation is below 5 meters (sq. km),-3.908021331692835e-05
Rural population,-3.013149146845899e-09
Scientific and technical journal articles,-3.3565197787377872e-06
"Secondary education, general pupils",5.319283290451713e-08
"Secondary education, pupils",-1.0960451692193513e-08
"Secondary education, teachers",-3.316319626732326e-07
"Secondary education, teachers, female",5.273322177681306e-07
"Secondary education, vocational pupils",-1.4296677522881924e-07
"Secondary income receipts (BoP, current US$)",-5.300084569166785e-11
"Secondary income, other sectors, payments (BoP, current US$)",8.755113892978365e-11
Secure Internet servers,-4.753800126728765e-06
Secure Internet servers (per 1 million people),0.0008955063929311794
"Service exports (BoP, current US$)",1.5228677285313038e-12
"Service imports (BoP, current US$)",7.591096512774007e-12
"Services, value added (constant 2010 US$)",2.1496524938064544e-13
"Services, value added (constant LCU)",-1.299206606262073e-16
"Services, value added (current LCU)",1.780543366975967e-15
"Services, value added (current US$)",-1.966615930353191e-13
"Services, value added per worker (constant 2010 US$)",-9.853973489475745e-05
Short-term debt (% of total reserves),-1.0704808534989714e-05
Social contributions (current LCU),1.2574190342864231e-14
"Stocks traded, total value (current US$)",3.360672007110224e-13
Subsidies and other transfers (current LCU),-4.2285833743519965e-15
Surface area (sq. km),9.354724128941873e-08
Tax revenue (current LCU),-4.000440782074949e-16
Taxes less subsidies on products (constant LCU),2.278313464490319e-14
Taxes less subsidies on products (current LCU),1.569383838904506e-14
Taxes less subsidies on products (current US$),1.54985423927116e-11
Taxes on exports (current LCU),-7.016683978910026e-13
Taxes on goods and services (current LCU),6.3807367943325655e-15
"Taxes on income, profits and capital gains (current LCU)",-1.2824341778781681e-15
Taxes on international trade (current LCU),-1.336454530739787e-14
"Technical cooperation grants (BoP, current US$)",-5.072640426921412e-09
Terms of trade adjustment (constant LCU),6.23956351926837e-15
Total fisheries production (metric tons),-1.1475855952782795e-07
Total greenhouse gas emissions (kt of CO2 equivalent),-9.891647407425186e-08
"Total reserves (includes gold, current US$)",4.126955253423821e-12
Total reserves minus gold (current US$),5.40062586008734e-13
"Trademark applications, direct nonresident",0.0001284891339344783
"Trademark applications, direct resident",-1.2261351879552768e-05
"Trademark applications, nonresident, by count",-3.900844839857331e-05
"Trademark applications, resident, by count",5.684357434146081e-06
"Trademark applications, total",-1.4325137891955277e-07
Urban land area (sq. km),-1.5798843696623692e-06
Urban population,1.1698498796771294e-09
"Use of IMF credit (DOD, current US$)",2.7089794907030936e-10
Export,2.4527774249698243e-13
Import,-1.128139407689025e-12
Re-Export,6.546293673963374e-11
Re-Import,-1.5769699673980315e-11
Imports.of.goods..services.and.primary.income..BoP..current.US..,-2.6161786739867957e-12
Current.account.balance..BoP..current.US..,1.2707829582493365e-11
Grants..excluding.technical.cooperation..current.US..,1.3233392882588018e-09
Technical.cooperation.grants..current.US..,-2.8347742938375717e-09
Exports.of.goods..services.and.primary.income..BoP..current.US..,9.574581859099517e-13
Primary.income.on.FDI..current.US..,1.4665787708852856e-11
Portfolio.investment..equity..DRS..current.US..,8.381789354907572e-11
Personal.remittances..received..current.US..,-7.358087637458145e-11
PPG..bilateral..AMT..current.US..,3.1092679592974255e-10
GG..bilateral..AMT..current.US..,-9.92733475261249e-11
OPS..bilateral..AMT..current.US..,1.2474401411824681e-09
PRVG..bilateral..AMT..current.US..,1.3708562129307198e-08
PS..bilateral..AMT..current.US..,-8.511068924045276e-11
PPG..bilateral.concessional..AMT..current.US..,1.5949220105971528e-08
GG..bilateral.concessional..AMT..current.US..,1.1529726171243497e-09
OPS..bilateral.concessional..AMT..current.US..,-2.2748235396124313e-08
PRVG..bilateral.concessional..AMT..current.US..,-6.716852345222682e-07
PS..bilateral.concessional..AMT..current.US..,3.61910422918059e-09
Principal.repayments.on.external.debt..general.government.sector..PPG...AMT..current.US..,7.412762959388632e-11
Principal.repayments.on.external.debt..public.sector..PPG...AMT..current.US..,-3.6009358389343534e-11
IMF.repurchases..AMT..current.US..,1.6262348189597845e-10
Principal.repayments.on.external.debt..long.term...IMF..AMT..current.US..,3.010803341205766e-11
Principal.repayments.on.external.debt..long.term..AMT..current.US..,1.797159676317638e-12
Principal.repayments.on.external.debt..other.public.sector..PPG...AMT..current.US..,-2.56750080115832e-10
Principal.repayments.on.external.debt..private.nonguaranteed..PNG...AMT..current.US..,4.018357546526462e-11
Principal.repayments.on.external.debt..public.and.publicly.guaranteed..PPG...AMT..current.US..,-8.260830521988796e-11
PPG..IBRD..AMT..current.US..,-4.51096044746248e-10
PPG..IDA..AMT..current.US..,-2.1847656545935717e-09
PPG..multilateral..AMT..current.US..,-4.783034093968947e-10
GG..multilateral..AMT..current.US..,-2.9573605675910143e-10
OPS..multilateral..AMT..current.US..,2.8549223073451014e-09
PRVG..multilateral..AMT..current.US..,-5.774673034790117e-08
PS..multilateral..AMT..current.US..,3.9601509499319144e-10
PPG..multilateral.concessional..AMT..current.US..,-3.6289768424281085e-09
GG..multilateral.concessional..AMT..current.US..,2.8309357379657345e-10
OPS..multilateral.concessional..AMT..current.US..,-1.9189660843983535e-07
PRVG..multilateral.concessional..AMT..current.US..,-4.3865691528866106e-07
PS..multilateral.concessional..AMT..current.US..,1.1270537077372424e-09
PPG..official.creditors..AMT..current.US..,1.2396758798194215e-10
GG..official.creditors..AMT..current.US..,-6.899679594093808e-11
OPS..official.creditors..AMT..current.US..,8.615419307547002e-10
PRVG..official.creditors..AMT..current.US..,-1.3344307892509968e-09
PS..official.creditors..AMT..current.US..,-6.908134592623623e-11
PPG..bonds..AMT..current.US..,3.281957520856184e-10
GG..bonds..AMT..current.US..,9.88459007740306e-12
OPS..bonds..AMT..current.US..,-1.857283301812012e-10
PRVG..bonds..AMT..current.US..,2.0954419748704927e-08
PS..bonds..AMT..current.US..,9.519418701486407e-12
PPG..commercial.banks..AMT..current.US..,1.7650412519613006e-10
GG..commercial.banks..AMT..current.US..,1.3767897428361341e-09
OPS..commercial.banks..AMT..current.US..,-3.0824070112994095e-10
PRVG..commercial.banks..AMT..current.US..,1.3763856961939825e-09
PS..commercial.banks..AMT..current.US..,9.492978561586501e-12
PNG..bonds..AMT..current.US..,-2.2549269934256998e-10
PNG..commercial.banks.and.other.creditors..AMT..current.US..,-5.042825149238473e-12
PPG..other.private.creditors..AMT..current.US..,-4.912566932957293e-10
GG..other.private.creditors..AMT..current.US..,-8.78622651984189e-10
OPS..other.private.creditors..AMT..current.US..,1.6023765766419767e-10
PRVG..other.private.creditors..AMT..current.US..,4.088076613804257e-08
PS..other.private.creditors..AMT..current.US..,-2.466551919001041e-10
Principal.repayments.on.external.debt..private.guaranteed.by.public.sector..PPG...AMT..current.US..,-1.072816472787891e-09
PPG..private.creditors..AMT..current.US..,2.1406431402095993e-11
GG..private.creditors..AMT..current.US..,-3.963586640443579e-11
OPS..private.creditors..AMT..current.US..,8.063847313311807e-11
PRVG..private.creditors..AMT..current.US..,2.4276997186086613e-09
PS..private.creditors..AMT..current.US..,-2.1220773370058142e-11
Principal.arrears..long.term.DOD..US..,-5.223997534548242e-10
Principal.arrears..official.creditors..current.US..,-2.0953817698661457e-11
Principal.arrears..private.creditors..current.US..,2.21794839693601e-11
Principal.forgiven..current.US..,3.0314871207219923e-10
Principal.rescheduled..current.US..,-1.4452702667087896e-10
Principal.rescheduled..official..current.US..,-2.4761308773043793e-10
Principal.rescheduled..private..current.US..,1.491856494404409e-10
Commitments..bilateral.creditors..COM..current.US..,-1.2102573738606513e-10
Commitments..public.and.publicly.guaranteed..COM..current.US..,-3.500976477503793e-11
Commitments..IBRD..COM..current.US..,-4.501731373878224e-11
Commitments..IDA..COM..current.US..,4.690273528332251e-09
Commitments..multilateral.creditors..COM..current.US..,-1.239341996260962e-10
Commitments..official.creditors..COM..current.US..,-3.9976076372648017e-11
Commitments..private.creditors..COM..current.US..,1.2255449628110896e-11
Debt.forgiveness.or.reduction..current.US..,4.53044472459203e-10
PPG..bilateral..DIS..current.US..,-1.4763825241584008e-10
GG..bilateral..DIS..current.US..,-4.0736031994057163e-10
OPS..bilateral..DIS..current.US..,7.063572580957555e-10
PRVG..bilateral..DIS..current.US..,9.302671447742592e-09
PS..bilateral..DIS..current.US..,-1.010292633451001e-10
PPG..bilateral.concessional..DIS..current.US..,1.5339516403809226e-09
GG..bilateral.concessional..DIS..current.US..,1.4881588906626004e-10
OPS..bilateral.concessional..DIS..current.US..,-3.1607088946741778e-09
PRVG..bilateral.concessional..DIS..current.US..,-6.911392634973521e-07
PS..bilateral.concessional..DIS..current.US..,1.7105396700566827e-10
Disbursements.on.external.debt..general.government.sector..PPG...DIS..current.US..,5.295324476592307e-11
Disbursements.on.external.debt..public.sector..PPG...DIS..current.US..,-2.2470929047037536e-11
IMF.purchases..DIS..current.US..,4.380139829727031e-11
Disbursements.on.external.debt..long.term...IMF..DIS..current.US..,3.932242841768449e-12
Disbursements.on.external.debt..long.term..DIS..current.US..,7.271358997742636e-14
Disbursements.on.external.debt..other.public.sector..PPG...DIS..current.US..,-7.423597716546472e-11
Disbursements.on.external.debt..private.nonguaranteed..PNG...DIS..current.US..,9.627847712116354e-12
Disbursements.on.external.debt..public.and.publicly.guaranteed..PPG...DIS..current.US..,3.7661266936025883e-13
IDA.grants..current.US..,-7.837352568491767e-09
PPG..IBRD..DIS..current.US..,7.225382073108123e-11
PPG..IDA..DIS..current.US..,-2.086082822937895e-11
PPG..multilateral..DIS..current.US..,-6.776695518546471e-11
GG..multilateral..DIS..current.US..,-9.324823962776743e-11
OPS..multilateral..DIS..current.US..,5.644754760966938e-10
PRVG..multilateral..DIS..current.US..,1.9959088514256647e-08
PS..multilateral..DIS..current.US..,-3.884391759979245e-10
PPG..multilateral.concessional..DIS..current.US..,-8.072108203071555e-10
GG..multilateral.concessional..DIS..current.US..,4.600712430553033e-12
OPS..multilateral.concessional..DIS..current.US..,3.409841304344763e-09
PRVG..multilateral.concessional..DIS..current.US..,-1.4394618214828643e-08
PS..multilateral.concessional..DIS..current.US..,-9.830126484562974e-11
PPG..official.creditors..DIS..current.US..,3.9555872003380175e-11
GG..official.creditors..DIS..current.US..,1.975469876651424e-11
OPS..official.creditors..DIS..current.US..,-1.563826849703681e-10
PRVG..official.creditors..DIS..current.US..,3.6298024340863445e-09
PS..official.creditors..DIS..current.US..,-3.893507020843274e-11
PPG..bonds..DIS..current.US..,2.4954158693222753e-11
GG..bonds..DIS..current.US..,-3.132418923815914e-11
OPS..bonds..DIS..current.US..,4.112744176600348e-10
PRVG..bonds..DIS..current.US..,4.655980191649867e-09
PS..bonds..DIS..current.US..,-4.274153131633491e-11
PPG..commercial.banks..DIS..current.US..,1.6381366486794026e-11
GG..commercial.banks..DIS..current.US..,1.2250546352298043e-09
OPS..commercial.banks..DIS..current.US..,-1.370161018185622e-10
PRVG..commercial.banks..DIS..current.US..,-6.591205256827819e-10
PS..commercial.banks..DIS..current.US..,8.69436448384634e-12
PNG..bonds..DIS..current.US..,-3.664856962180368e-11
PNG..commercial.banks.and.other.creditors..DIS..current.US..,-2.5780566507870734e-11
PPG..other.private.creditors..DIS..current.US..,-8.317024832258706e-12
GG..other.private.creditors..DIS..current.US..,1.1890082565129785e-09
OPS..other.private.creditors..DIS..current.US..,-3.241708302795184e-10
PRVG..other.private.creditors..DIS..current.US..,3.754335935238108e-09
PS..other.private.creditors..DIS..current.US..,-6.183561770055682e-12
Disbursements.on.external.debt..private.guaranteed.by.public.sector..PPG...DIS..current.US..,9.494661580258008e-10
PPG..private.creditors..DIS..current.US..,2.9430947136115025e-11
GG..private.creditors..DIS..current.US..,-1.4028853568356228e-11
OPS..private.creditors..DIS..current.US..,2.5121960061009504e-11
PRVG..private.creditors..DIS..current.US..,-8.870888609081368e-10
PS..private.creditors..DIS..current.US..,-2.668154730889714e-13
External.debt.stocks..concessional..DOD..current.US..,-1.0809210624702543e-10
PPG..bilateral..DOD..current.US..,-2.3464313950205667e-11
GG..bilateral..DOD..current.US..,-5.719786759621684e-12
OPS..bilateral..DOD..current.US..,7.08711230201058e-11
PRVG..bilateral..DOD..current.US..,5.768321793461985e-10
PS..bilateral..DOD..current.US..,-5.3355760274577805e-12
PPG..bilateral.concessional..DOD..current.US..,-4.82137754187753e-11
GG..bilateral.concessional..DOD..current.US..,1.9686414988857987e-11
OPS..bilateral.concessional..DOD..current.US..,-5.239558465383517e-10
PRVG..bilateral.concessional..DOD..current.US..,-3.1728029092693046e-09
PS..bilateral.concessional..DOD..current.US..,4.197444560498797e-11
External.debt.stocks..total..DOD..current.US..,-1.5733135918063991e-12
Total.change.in.external.debt.stocks..current.US..,-6.422913797344607e-13
External.debt.stocks..general.government.sector..PPG...DOD..current.US..,-5.169397624812424e-12
External.debt.stocks..public.sector..PPG...DOD..current.US..,1.298432976467527e-12
Use.of.IMF.credit..DOD..current.US..,-7.89048575082618e-11
External.debt.stocks..long.term..DOD..current.US..,2.719921523256853e-12
External.debt.stocks..other.public.sector..PPG...DOD..current.US..,2.2423751254580117e-12
External.debt.stocks..private.nonguaranteed..PNG...DOD..current.US..,2.1895798234669768e-13
External.debt.stocks..public.and.publicly.guaranteed..PPG...DOD..current.US..,-1.891765989036417e-12
Use.of.IMF.credit..SDR.allocations..DOD..current.US..,1.57994989326992e-10
External.debt.stocks..short.term..DOD..current.US..,3.89454691883831e-13
Debt.forgiveness.grants..current.US..,1.193553112351553e-09
PPG..IBRD..DOD..current.US..,9.419701873319306e-11
PPG..IDA..DOD..current.US..,1.6138461731218568e-10
PPG..multilateral..DOD..current.US..,-3.811310831974655e-11
GG..multilateral..DOD..current.US..,-4.979411698579195e-12
OPS..multilateral..DOD..current.US..,7.445121594013516e-11
PRVG..multilateral..DOD..current.US..,-2.16821737398879e-10
PS..multilateral..DOD..current.US..,-3.6009999002796307e-12
PPG..multilateral.concessional..DOD..current.US..,-3.301769655283048e-11
GG..multilateral.concessional..DOD..current.US..,2.279189139975344e-12
OPS..multilateral.concessional..DOD..current.US..,-2.094637098902744e-09
PRVG..multilateral.concessional..DOD..current.US..,1.3121751507928057e-09
PS..multilateral.concessional..DOD..current.US..,1.64201474719869e-11
PPG..official.creditors..DOD..current.US..,2.4368495180362037e-12
GG..official.creditors..DOD..current.US..,7.202907737401524e-14
OPS..official.creditors..DOD..current.US..,-1.0522694690795075e-12
PRVG..official.creditors..DOD..current.US..,-1.5626115511456967e-11
PS..official.creditors..DOD..current.US..,2.1865491393943108e-13
PPG..bonds..DOD..current.US..,-3.1926398937830354e-11
GG..bonds..DOD..current.US..,6.643153605854676e-13
OPS..bonds..DOD..current.US..,-2.0731855679944144e-11
PRVG..bonds..DOD..current.US..,-1.0513057165259835e-08
PS..bonds..DOD..current.US..,3.346769153859075e-12
PPG..commercial.banks..DOD..current.US..,1.1616178983124967e-11
GG..commercial.banks..DOD..current.US..,1.1628252575411115e-10
OPS..commercial.banks..DOD..current.US..,-2.0794869655070816e-11
PRVG..commercial.banks..DOD..current.US..,-1.0388620862425456e-11
PS..commercial.banks..DOD..current.US..,1.1586042096128569e-12
PNG..bonds..DOD..current.US..,3.282057307620886e-11
PNG..commercial.banks.and.other.creditors..DOD..current.US..,-5.595024003357188e-12
PPG..other.private.creditors..DOD..current.US..,6.623574871584371e-11
GG..other.private.creditors..DOD..current.US..,8.180979433674003e-13
OPS..other.private.creditors..DOD..current.US..,7.232251018886432e-13
PRVG..other.private.creditors..DOD..current.US..,-1.4331686841062818e-09
PS..other.private.creditors..DOD..current.US..,9.12961601138279e-12
External.debt.stocks..private.guaranteed.by.public.sector..PPG...DOD..current.US..,-2.5015486686240536e-11
External.debt.stocks..long.term.private.sector..DOD..current.US..,-1.3978087888268503e-13
PPG..private.creditors..DOD..current.US..,-5.5707118475107765e-12
GG..private.creditors..DOD..current.US..,-3.819249344635791e-12
OPS..private.creditors..DOD..current.US..,1.0097152593011263e-11
PRVG..private.creditors..DOD..current.US..,-2.7251493563815266e-10
PS..private.creditors..DOD..current.US..,-7.76240667903586e-13
External.debt.stocks..long.term.public.sector..DOD..current.US..,1.9587274704462066e-12
Present.value.of.external.debt..current.US..,3.008001641855112e-11
Residual..debt.stock.flow.reconciliation..current.US..,1.672969385499745e-11
External.debt.stocks..variable.rate..DOD..current.US..,-2.078080094129753e-12
Debt.buyback..current.US..,7.685094006863285e-10
Debt.stock.reduction..current.US..,-6.944096178110336e-11
Debt.stock.rescheduled..current.US..,-3.236432209356725e-11
PPG..bilateral..INT..current.US..,-1.6770107734881438e-09
GG..bilateral..INT..current.US..,-2.795689247013246e-11
OPS..bilateral..INT..current.US..,5.1584747080778495e-11
PRVG..bilateral..INT..current.US..,1.2406486456647324e-07
PS..bilateral..INT..current.US..,-2.3207410300815699e-10
PPG..bilateral.concessional..INT..current.US..,-3.3679986235039098e-09
GG..bilateral.concessional..INT..current.US..,8.397895945523892e-10
OPS..bilateral.concessional..INT..current.US..,-2.5442678685307175e-08
PRVG..bilateral.concessional..INT..current.US..,-1.1268946093607182e-07
PS..bilateral.concessional..INT..current.US..,1.6953197225296774e-09
Interest.payments.on.external.debt..total..INT..current.US..,4.050222360943829e-11
Interest.payments.on.external.debt..general.government.sector..PPG...INT..current.US..,-7.305856907544049e-11
Interest.payments.on.external.debt..public.sector..PPG...INT..current.US..,-1.6588058916592166e-11
IMF.charges..INT..current.US..,-4.5032060716981413e-10
Interest.payments.on.external.debt..long.term..INT..current.US..,4.12349486532783e-11
Interest.payments.on.external.debt..other.public.sector..PPG...INT..current.US..,-2.881921467201803e-10
Interest.payments.on.external.debt..private.nonguaranteed..PNG...INT..current.US..,9.859493288520672e-11
Interest.payments.on.external.debt..public.and.publicly.guaranteed..PPG...INT..current.US..,-6.223689010615426e-11
Interest.payments.on.external.debt..short.term..INT..current.US..,4.318539423896233e-11
PPG..IBRD..INT..current.US..,6.785144430393932e-10
PPG..IDA..INT..current.US..,1.8276442857248657e-08
PPG..multilateral..INT..current.US..,-5.595132198621795e-10
GG..multilateral..INT..current.US..,6.096960563030998e-11
OPS..multilateral..INT..current.US..,-1.0574889728194799e-10
PRVG..multilateral..INT..current.US..,-3.0281582039671945e-08
PS..multilateral..INT..current.US..,4.193183895716068e-10
PPG..multilateral.concessional..INT..current.US..,-1.4454466106248654e-08
GG..multilateral.concessional..INT..current.US..,3.6130487039945475e-11
OPS..multilateral.concessional..INT..current.US..,-1.8970135879879244e-08
PRVG..multilateral.concessional..INT..current.US..,6.946868692603536e-08
PS..multilateral.concessional..INT..current.US..,1.9927655363057392e-10
PPG..official.creditors..INT..current.US..,1.8532116733385963e-10
GG..official.creditors..INT..current.US..,5.291200573478744e-11
OPS..official.creditors..INT..current.US..,-4.5783892063688775e-10
PRVG..official.creditors..INT..current.US..,-5.337054760010222e-09
PS..official.creditors..INT..current.US..,8.996935939102627e-11
PPG..bonds..INT..current.US..,-6.781476066264112e-11
GG..bonds..INT..current.US..,4.145957846771004e-11
OPS..bonds..INT..current.US..,-2.0320831470874392e-09
PRVG..bonds..INT..current.US..,-5.8746747949416253e-08
PS..bonds..INT..current.US..,1.258454890029533e-10
PPG..commercial.banks..INT..current.US..,3.7285070376657604e-10
GG..commercial.banks..INT..current.US..,-3.5835469220926186e-10
OPS..commercial.banks..INT..current.US..,3.7508093863285864e-10
PRVG..commercial.banks..INT..current.US..,2.680377178962819e-08
PS..commercial.banks..INT..current.US..,-4.274319600415442e-10
PNG..bonds..INT..current.US..,1.9189838076237623e-10
PNG..commercial.banks.and.other.creditors..INT..current.US..,-2.4881416653861225e-11
PPG..other.private.creditors..INT..current.US..,3.819573672515256e-10
GG..other.private.creditors..INT..current.US..,5.416294250711475e-09
OPS..other.private.creditors..INT..current.US..,-2.6510509064222954e-09
PRVG..other.private.creditors..INT..current.US..,-8.79462762076078e-08
PS..other.private.creditors..INT..current.US..,8.758653731828776e-10
Interest.payments.on.external.debt..private.guaranteed.by.public.sector..PPG...INT..current.US..,5.314098242761631e-09
PPG..private.creditors..INT..current.US..,-6.802913466513362e-11
GG..private.creditors..INT..current.US..,-1.7687975493136285e-11
OPS..private.creditors..INT..current.US..,1.555794675753058e-10
PRVG..private.creditors..INT..current.US..,1.1221901034414007e-08
PS..private.creditors..INT..current.US..,-5.220629443305294e-11
Interest.arrears..long.term.DOD..US..,7.466561552243385e-11
Net.change.in.interest.arrears..current.US..,1.553395116350196e-10
Interest.arrears..official.creditors..current.US..,2.8176249079300424e-10
Interest.arrears..private.creditors..current.US..,-2.0186986979018663e-10
Interest.forgiven..current.US..,1.356642673359539e-09
Interest.rescheduled..capitalized...current.US..,-9.664036069479726e-10
Interest.rescheduled..official..current.US..,1.35522750685075e-09
Interest.rescheduled..private..current.US..,-7.391083678045498e-10
Net.financial.flows..bilateral..NFL..current.US..,-3.1934856403674126e-10
GG..bilateral..NFL..current.US..,2.7721793571413015e-10
OPS..bilateral..NFL..current.US..,-4.0163025630801914e-10
PRVG..bilateral..NFL..current.US..,-1.5370865355826225e-10
PS..bilateral..NFL..current.US..,1.5102224142540054e-12
PPG..bilateral.concessional..NFL..current.US..,4.694272285274894e-09
GG..bilateral.concessional..NFL..current.US..,1.0187712245242332e-10
OPS..bilateral.concessional..NFL..current.US..,-1.7544560201160117e-09
PRVG..bilateral.concessional..NFL..current.US..,-1.453151202954561e-07
PS..bilateral.concessional..NFL..current.US..,2.0875758544711274e-11
Net.flows.on.external.debt..total..NFL..current.US..,-1.245100644597332e-11
Net.flows.on.external.debt..general.government.sector..PPG...NFL..current.US..,1.0907174135141115e-10
Net.flows.on.external.debt..public.sector..PPG...NFL..current.US..,-2.0891313602732912e-11
Net.flows.on.external.debt..long.term..NFL..current.US..,-2.0989284037960596e-12
Net.flows.on.external.debt..other.public.sector..PPG...NFL..current.US..,-3.326464743943731e-11
Net.flows.on.external.debt..private.nonguaranteed..PNG...NFL..current.US..,2.837785746536462e-12
Net.flows.on.external.debt..public.and.publicly.guaranteed..PPG...NFL..current.US..,1.7550722300000042e-11
Net.flows.on.external.debt..short.term..NFL..current.US..,-9.700829167588322e-12
Net.financial.flows..IMF.concessional..NFL..current.US..,-5.430750760420105e-09
Net.financial.flows..IMF.nonconcessional..NFL..current.US..,2.375248381267499e-10
Net.financial.flows..IBRD..NFL..current.US..,1.0275716158789407e-09
Net.financial.flows..IDA..NFL..current.US..,-1.3525190245479628e-10
Net.financial.flows..multilateral..NFL..current.US..,-1.645623710455841e-10
GG..multilateral..NFL..current.US..,-4.132349753221553e-11
OPS..multilateral..NFL..current.US..,-6.728527257544032e-11
PRVG..multilateral..NFL..current.US..,1.071104122888281e-08
PS..multilateral..NFL..current.US..,-1.0259964325682157e-10
PPG..multilateral.concessional..NFL..current.US..,7.916042009130925e-10
GG..multilateral.concessional..NFL..current.US..,7.30683612238754e-11
OPS..multilateral.concessional..NFL..current.US..,5.822467442217908e-10
PRVG..multilateral.concessional..NFL..current.US..,-2.0420429245094394e-08
PS..multilateral.concessional..NFL..current.US..,-6.293463216807905e-11
Net.financial.flows..others..NFL..current.US..,8.757917304674911e-10
IFC..private.nonguaranteed..NFL..current.US..,-6.56041980959967e-09
PPG..official.creditors..NFL..current.US..,-3.0682492889058135e-10
GG..official.creditors..NFL..current.US..,6.934350370106982e-11
OPS..official.creditors..NFL..current.US..,2.1000609633327857e-10
PRVG..official.creditors..NFL..current.US..,7.694869879367411e-10
PS..official.creditors..NFL..current.US..,-1.8857532845264784e-11
PPG..bonds..NFL..current.US..,1.3357395781823467e-10
GG..bonds..NFL..current.US..,-2.7061856182745436e-11
OPS..bonds..NFL..current.US..,2.548346698612596e-10
PRVG..bonds..NFL..current.US..,3.728325249504265e-09
PS..bonds..NFL..current.US..,-1.615204683579857e-11
PPG..commercial.banks..NFL..current.US..,-5.959624855292787e-11
GG..commercial.banks..NFL..current.US..,-1.1716038588872571e-10
OPS..commercial.banks..NFL..current.US..,8.989507187447265e-12
PRVG..commercial.banks..NFL..current.US..,2.547415832004812e-09
PS..commercial.banks..NFL..current.US..,-5.251143265971885e-12
PNG..bonds..NFL..current.US..,4.263493512545822e-11
PNG..commercial.banks.and.other.creditors..NFL..current.US..,-5.018718915682047e-11
PPG..other.private.creditors..NFL..current.US..,-7.283132271161861e-10
GG..other.private.creditors..NFL..current.US..,-4.4910121495712605e-11
OPS..other.private.creditors..NFL..current.US..,2.4107829287129284e-10
PRVG..other.private.creditors..NFL..current.US..,1.2569880685042653e-08
PS..other.private.creditors..NFL..current.US..,-1.437934736320907e-11
Net.flows.on.external.debt..private.guaranteed.by.public.sector..PPG...NFL..current.US..,3.0365824530730856e-10
PPG..private.creditors..NFL..current.US..,2.0349248303161292e-11
GG..private.creditors..NFL..current.US..,5.412070123451942e-12
OPS..private.creditors..NFL..current.US..,1.6294735562152273e-11
PRVG..private.creditors..NFL..current.US..,3.13534921841017e-10
PS..private.creditors..NFL..current.US..,-1.6152046468322655e-12
Net.financial.flows..RDB.concessional..NFL..current.US..,-2.5513907829032228e-09
Net.financial.flows..RDB.nonconcessional..NFL..current.US..,5.399406598586442e-10
PPG..bilateral..NTR..current.US..,-2.1954016799293608e-11
GG..bilateral..NTR..current.US..,4.093030307702379e-11
OPS..bilateral..NTR..current.US..,-3.113812658458141e-10
PRVG..bilateral..NTR..current.US..,-9.061882513565122e-10
PS..bilateral..NTR..current.US..,-5.798465942665073e-13
PPG..bilateral.concessional..NTR..current.US..,1.1361415161739382e-09
GG..bilateral.concessional..NTR..current.US..,1.0484556121064432e-10
OPS..bilateral.concessional..NTR..current.US..,-1.8989903327259335e-09
PRVG..bilateral.concessional..NTR..current.US..,5.3389807494971754e-08
PS..bilateral.concessional..NTR..current.US..,9.479343542792725e-11
Net.transfers.on.external.debt..total..NTR..current.US..,-3.6248528202516657e-12
Net.transfers.on.external.debt..general.government.sector..PPG...NTR..current.US..,9.534722535832132e-12
Net.transfers.on.external.debt..public.sector..PPG...NTR..current.US..,9.599957327201192e-12
Net.transfers.on.external.debt..long.term..NTR..current.US..,8.649618189067005e-13
Net.transfers.on.external.debt..other.public.sector..PPG...NTR..current.US..,1.3992318262877623e-11
Net.transfers.on.external.debt..private.nonguaranteed..PNG...NTR..current.US..,-1.371455263005457e-12
Net.transfers.on.external.debt..public.and.publicly.guaranteed..PPG...NTR..current.US..,-6.223664413032409e-12
PPG..IBRD..NTR..current.US..,-5.532470862131823e-10
PPG..IDA..NTR..current.US..,2.554959171377031e-09
PPG..multilateral..NTR..current.US..,2.204513937948757e-10
GG..multilateral..NTR..current.US..,-4.691465662613301e-11
OPS..multilateral..NTR..current.US..,2.3183030426874895e-10
PRVG..multilateral..NTR..current.US..,1.3710810322034063e-10
PS..multilateral..NTR..current.US..,-1.6120208205304883e-11
PPG..multilateral.concessional..NTR..current.US..,-7.211685784621041e-10
GG..multilateral.concessional..NTR..current.US..,9.275176208058353e-11
OPS..multilateral.concessional..NTR..current.US..,-3.142383359248341e-09
PRVG..multilateral.concessional..NTR..current.US..,-9.44294704605516e-09
PS..multilateral.concessional..NTR..current.US..,5.166227038925202e-11
PPG..official.creditors..NTR..current.US..,8.028943311842289e-12
GG..official.creditors..NTR..current.US..,-9.2656028701459e-12
OPS..official.creditors..NTR..current.US..,5.314884233382288e-11
PRVG..official.creditors..NTR..current.US..,1.996038503545108e-10
PS..official.creditors..NTR..current.US..,-3.2167967074005094e-12
PPG..bonds..NTR..current.US..,1.3348958765090879e-11
GG..bonds..NTR..current.US..,-1.8034933129784657e-11
OPS..bonds..NTR..current.US..,1.7069280699810992e-10
PRVG..bonds..NTR..current.US..,-6.813935617056977e-10
PS..bonds..NTR..current.US..,4.210932089179528e-12
PPG..commercial.banks..NTR..current.US..,1.2753650856784072e-11
GG..commercial.banks..NTR..current.US..,7.02427705433757e-11
OPS..commercial.banks..NTR..current.US..,-6.702486372513978e-12
PRVG..commercial.banks..NTR..current.US..,-1.5747415561128388e-09
PS..commercial.banks..NTR..current.US..,2.746695294791739e-12
PNG..bonds..NTR..current.US..,3.8604492442062144e-11
PNG..commercial.banks.and.other.creditors..NTR..current.US..,-1.3355563504107835e-11
PPG..other.private.creditors..NTR..current.US..,-4.7113806549135365e-11
GG..other.private.creditors..NTR..current.US..,-8.870317184802501e-11
OPS..other.private.creditors..NTR..current.US..,1.1594960692348784e-11
PRVG..other.private.creditors..NTR..current.US..,1.4689599957098212e-09
PS..other.private.creditors..NTR..current.US..,-4.426209441468171e-13
Net.transfers.on.external.debt..private.guaranteed.by.public.sector..PPG...NTR..current.US..,-2.7876529824025123e-11
PPG..private.creditors..NTR..current.US..,-6.145952426889643e-12
GG..private.creditors..NTR..current.US..,-5.218483583008273e-12
OPS..private.creditors..NTR..current.US..,6.911544338910926e-12
PRVG..private.creditors..NTR..current.US..,-7.181606945845e-11
PS..private.creditors..NTR..current.US..,-3.636294968831769e-13
PPG..bilateral..TDS..current.US..,-1.3357540912598266e-10
GG..bilateral..TDS..current.US..,-1.5498514264259015e-11
OPS..bilateral..TDS..current.US..,2.8463726485324227e-10
PRVG..bilateral..TDS..current.US..,-4.494666305319182e-09
PS..bilateral..TDS..current.US..,-6.918835544137278e-12
PPG..bilateral.concessional..TDS..current.US..,-2.0875265996299577e-09
GG..bilateral.concessional..TDS..current.US..,-8.081363394799638e-10
OPS..bilateral.concessional..TDS..current.US..,1.8803787243345468e-08
PRVG..bilateral.concessional..TDS..current.US..,-5.158578055099339e-08
PS..bilateral.concessional..TDS..current.US..,-1.0568899597402695e-09
Debt.service.on.external.debt..total..TDS..current.US..,1.5242841384389696e-11
Debt.service.on.external.debt..general.government.sector..PPG...TDS..current.US..,-7.852012596041875e-12
Debt.service.on.external.debt..public.sector..PPG...TDS..current.US..,-1.954142125354651e-12
IMF.repurchases.and.charges..TDS..current.US..,-5.4921294125063724e-11
Debt.service.on.external.debt..long.term..TDS..current.US..,5.021334242682639e-12
Debt.service.on.external.debt..other.public.sector..PPG...TDS..current.US..,-2.5097932771954527e-11
Debt.service.on.external.debt..private.nonguaranteed..PNG...TDS..current.US..,4.104574622792254e-12
Debt.service.on.external.debt..public.and.publicly.guaranteed..PPG...TDS..current.US..,-4.319487754037177e-12
PPG..IBRD..TDS..current.US..,2.997127630668063e-10
PPG..IDA..TDS..current.US..,7.424402518356742e-10
Multilateral.debt.service..TDS..current.US..,-1.6167092102613728e-10
GG..multilateral..TDS..current.US..,2.0251159288893638e-11
OPS..multilateral..TDS..current.US..,-1.256411681721694e-10
PRVG..multilateral..TDS..current.US..,-3.70392921879847e-09
PS..multilateral..TDS..current.US..,5.921773230936754e-11
PPG..multilateral.concessional..TDS..current.US..,-2.6507680380720247e-09
GG..multilateral.concessional..TDS..current.US..,-2.1933993661636007e-11
OPS..multilateral.concessional..TDS..current.US..,1.3588628957626144e-08
PRVG..multilateral.concessional..TDS..current.US..,-9.318232992801939e-08
PS..multilateral.concessional..TDS..current.US..,-7.358391729367977e-11
PPG..official.creditors..TDS..current.US..,4.15102940140251e-11
GG..official.creditors..TDS..current.US..,1.5571644791899372e-11
OPS..official.creditors..TDS..current.US..,-1.677205883478058e-10
PRVG..official.creditors..TDS..current.US..,-8.051598166188543e-10
PS..official.creditors..TDS..current.US..,2.3322309579407253e-11
PPG..bonds..TDS..current.US..,3.6213587117897058e-12
GG..bonds..TDS..current.US..,-1.2598666964856603e-11
OPS..bonds..TDS..current.US..,3.324649031489378e-10
PRVG..bonds..TDS..current.US..,1.0970184047478401e-08
PS..bonds..TDS..current.US..,-2.1453341119819322e-11
PPG..commercial.banks..TDS..current.US..,-5.139507277405169e-12
GG..commercial.banks..TDS..current.US..,2.5271261017720653e-10
OPS..commercial.banks..TDS..current.US..,-8.614691912445142e-11
PRVG..commercial.banks..TDS..current.US..,-1.8693431719678155e-09
PS..commercial.banks..TDS..current.US..,2.1669281601426224e-11
PNG..bonds..TDS..current.US..,1.1286252427175103e-10
PNG..commercial.banks.and.other.creditors..TDS..current.US..,-8.236952091833054e-12
PPG..other.private.creditors..TDS..current.US..,-6.231962119701245e-12
GG..other.private.creditors..TDS..current.US..,-9.123957056379072e-10
OPS..other.private.creditors..TDS..current.US..,2.50667918125467e-10
PRVG..other.private.creditors..TDS..current.US..,-1.2476724471457175e-08
PS..other.private.creditors..TDS..current.US..,6.532379935820237e-11
Debt.service.on.external.debt..private.guaranteed.by.public.sector..PPG...TDS..current.US..,2.928035325133695e-11
PPG..private.creditors..TDS..current.US..,-1.4193414108451658e-11
GG..private.creditors..TDS..current.US..,-2.6800190815475675e-12
OPS..private.creditors..TDS..current.US..,9.04150941686235e-12
PRVG..private.creditors..TDS..current.US..,5.4544228978765e-10
PS..private.creditors..TDS..current.US..,-3.36617353620645e-12
Total.amount.of.debt.rescheduled..current.US..,2.6958627970515847e-10
Undisbursed.external.debt..total..UND..current.US..,-3.069353549442886e-11
Undisbursed.external.debt..official.creditors..UND..current.US..,-3.3734675182379295e-11
Undisbursed.external.debt..private.creditors..UND..current.US..,2.2603823176182864e-10
Total.reserves..includes.gold..current.US..,-4.578170899886871e-14
GNI..current.US..,-4.4025026688549014e-13
Getting.electricity..Cost.to.get.electricity....of.income.per.capita.,0.00022893128659386516
Starting.a.business..Minimum.capital....of.income.per.capita.,-0.00015002582942870354
Number.of.employed.individuals,-8.971105608910701e-06
Sample.size,2.3447794578198846e-06
Number.of.paid.employees,6.818060317588989e-06
Energy.use..kg.of.oil.equivalent.per.capita.,-8.632350134405859e-05
Population.density..people.per.sq..km.of.land.area.,9.550024662763729e-05
Patent.applications..residents,3.98095479222033e-06
Net.migration,1.7717717751096324e-06
